"","X","X0","X1","X2"
"1",0,"AAAAAA",3,1
"4",3,"AAAAAG",6,2
"9",8,"AAAACA",2,1
"18",17,"AAATAC",4,1
"82",81,"AATTTC",2,1
"98",97,"AATCTG",12,1
"101",100,"AATCCC",14,1
"102",101,"AATCCG",13,1
"113",112,"AATGTC",7,1
"117",116,"AATGCC",8,1
"119",118,"AATGGA",14,2
"121",120,"AATGGC",24,1
"125",124,"AACAAC",14,1
"126",125,"AACAAG",18,3
"129",128,"AACATC",7,1
"130",129,"AACATG",7,2
"140",139,"AACTAC",11,1
"171",170,"AACGAG",16,1
"186",185,"AAGAAC",13,3
"187",186,"AAGAAG",15,3
"190",189,"AAGATC",15,3
"191",190,"AAGATG",10,2
"198",197,"AAGAGC",4,1
"209",208,"AAGTCG",7,1
"210",209,"AAGTGT",3,1
"211",210,"AAGTGC",12,4
"214",213,"AAGCAT",4,1
"215",214,"AAGCAC",13,1
"216",215,"AAGCAG",12,5
"220",219,"AAGCTG",15,1
"223",222,"AAGCCC",4,2
"230",229,"AAGGAT",14,4
"231",230,"AAGGAC",11,1
"232",231,"AAGGAG",17,3
"236",235,"AAGGTG",9,1
"239",238,"AAGGCC",11,2
"252",251,"ATAATG",2,1
"274",273,"ATACAA",1,1
"358",357,"ATTGTG",7,1
"369",368,"ATCAAC",14,3
"370",369,"ATCAAG",15,2
"373",372,"ATCATC",9,1
"377",376,"ATCACC",11,1
"381",380,"ATCAGC",6,1
"391",390,"ATCTCC",6,1
"394",393,"ATCTGC",7,1
"395",394,"ATCTGG",2,1
"397",396,"ATCCAT",4,1
"415",414,"ATCGAG",11,1
"426",425,"ATCGGC",5,1
"429",428,"ATGAAT",5,1
"431",430,"ATGAAG",7,3
"434",433,"ATGATC",7,1
"435",434,"ATGATG",4,4
"438",437,"ATGACC",7,2
"445",444,"ATGTAC",5,2
"448",447,"ATGTTC",4,4
"452",451,"ATGTCC",6,1
"453",452,"ATGTCG",6,1
"455",454,"ATGTGC",3,1
"459",458,"ATGCAC",6,1
"460",459,"ATGCAG",7,1
"463",462,"ATGCTC",2,1
"465",464,"ATGCCA",4,1
"473",472,"ATGGAA",4,1
"476",475,"ATGGAG",9,1
"478",477,"ATGGTT",3,1
"483",482,"ATGGCC",8,2
"485",484,"ATGGGA",4,1
"486",485,"ATGGGT",5,1
"487",486,"ATGGGC",11,3
"500",499,"ACAACG",6,1
"568",567,"ACTTTA",1,1
"612",611,"ACCAAT",5,1
"619",618,"ACCACA",6,1
"636",635,"ACCTCG",8,1
"638",637,"ACCTGC",15,2
"639",638,"ACCTGG",6,2
"664",663,"ACCGCA",2,1
"670",669,"ACCGGC",9,1
"711",710,"ACGCCC",11,2
"719",718,"ACGGAC",6,1
"724",723,"ACGGTG",9,1
"731",730,"ACGGGC",18,1
"847",846,"AGTGCA",4,1
"856",855,"AGCAAT",8,3
"862",861,"AGCATG",4,1
"865",864,"AGCACC",4,1
"869",868,"AGCAGC",20,1
"871",870,"AGCTAT",5,1
"873",872,"AGCTTA",1,1
"875",874,"AGCTTC",7,1
"887",886,"AGCCAG",6,2
"927",926,"AGGACG",3,1
"980",979,"TATAAG",2,1
"993",992,"TATTAT",2,1
"1009",1008,"TATCAG",1,1
"1022",1021,"TATGAA",2,1
"1023",1022,"TATGAT",4,1
"1025",1024,"TATGAG",5,1
"1029",1028,"TATGTG",8,3
"1041",1040,"TACAAG",18,3
"1054",1053,"TACTAT",4,2
"1065",1064,"TACTGC",3,1
"1071",1070,"TACCTA",2,1
"1109",1108,"TTAACC",1,1
"1186",1185,"TTTTGT",2,1
"1188",1187,"TTTTGG",2,1
"1191",1190,"TTTCAC",2,1
"1192",1191,"TTTCAG",6,1
"1200",1199,"TTTCCG",2,1
"1212",1211,"TTTGTG",8,1
"1224",1223,"TTCAAG",15,2
"1227",1226,"TTCATC",8,1
"1241",1240,"TTCTTC",6,1
"1245",1244,"TTCTCC",5,1
"1249",1248,"TTCTGG",2,1
"1265",1264,"TTCCGG",2,1
"1268",1267,"TTCGAC",9,2
"1269",1268,"TTCGAG",7,2
"1329",1328,"TTGGAC",4,1
"1343",1342,"TCAAAA",2,1
"1362",1361,"TCATTT",2,1
"1444",1443,"TCTCCG",2,1
"1468",1467,"TCCAAG",9,2
"1472",1471,"TCCATG",3,1
"1492",1491,"TCCTGC",3,1
"1527",1526,"TCGAAT",17,4
"1532",1531,"TCGATC",3,1
"1533",1532,"TCGATG",9,1
"1557",1556,"TCGCAC",2,1
"1562",1561,"TCGCTG",10,1
"1566",1565,"TCGCCG",12,2
"1584",1583,"TCGGGT",4,1
"1635",1634,"TGTGAG",5,1
"1644",1643,"TGTGGA",3,1
"1650",1649,"TGCAAC",10,3
"1651",1650,"TGCAAG",6,3
"1654",1653,"TGCATC",10,4
"1655",1654,"TGCATG",3,1
"1658",1657,"TGCACC",6,2
"1659",1658,"TGCACG",4,1
"1662",1661,"TGCAGC",5,1
"1665",1664,"TGCTAC",3,1
"1675",1674,"TGCTGC",3,1
"1676",1675,"TGCTGG",3,3
"1679",1678,"TGCCAC",9,3
"1680",1679,"TGCCAG",26,10
"1684",1683,"TGCCTG",6,1
"1694",1693,"TGCGAT",14,1
"1696",1695,"TGCGAG",17,4
"1699",1698,"TGCGTC",6,1
"1710",1709,"TGGAAT",5,1
"1716",1715,"TGGATG",3,2
"1737",1736,"TGGTGG",2,2
"1745",1744,"TGGCTG",7,2
"1748",1747,"TGGCCC",2,1
"1752",1751,"TGGCGC",3,3
"1757",1756,"TGGGAG",4,4
"1764",1763,"TGGGCC",3,1
"1777",1776,"CAAATG",5,1
"1783",1782,"CAAAGT",1,1
"1810",1809,"CAACCG",3,1
"1822",1821,"CAAGTG",5,2
"1827",1826,"CAAGGA",3,1
"1828",1827,"CAAGGT",3,1
"1855",1854,"CATTCC",2,1
"1863",1862,"CATCAG",9,1
"1870",1869,"CATCCC",6,1
"1882",1881,"CATGTC",4,1
"1883",1882,"CATGTG",4,1
"1894",1893,"CACAAC",6,1
"1895",1894,"CACAAG",11,3
"1899",1898,"CACATG",3,1
"1911",1910,"CACTTT",2,1
"1917",1916,"CACTCG",2,1
"1919",1918,"CACTGC",8,2
"1955",1954,"CAGAAC",7,2
"1956",1955,"CAGAAG",15,4
"1959",1958,"CAGATC",5,1
"1966",1965,"CAGAGT",3,1
"1969",1968,"CAGTAT",5,1
"1970",1969,"CAGTAC",8,1
"1980",1979,"CAGTGC",8,1
"1982",1981,"CAGCAA",20,1
"1984",1983,"CAGCAC",8,1
"1985",1984,"CAGCAG",47,3
"2001",2000,"CAGGAG",16,1
"2005",2004,"CAGGTG",15,2
"2008",2007,"CAGGCC",9,3
"2009",2008,"CAGGCG",8,1
"2025",2024,"CTAACG",3,1
"2139",2138,"CTCAAG",9,2
"2142",2141,"CTCATC",6,1
"2152",2151,"CTCTAT",2,1
"2164",2163,"CTCTGG",1,1
"2203",2202,"CTGATC",9,1
"2224",2223,"CTGTGC",8,1
"2243",2242,"CTGGAT",10,1
"2244",2243,"CTGGAC",22,1
"2248",2247,"CTGGTC",9,1
"2253",2252,"CTGGCG",6,1
"2256",2255,"CTGGGC",22,1
"2300",2299,"CCACGT",1,1
"2306",2305,"CCAGAG",5,1
"2381",2380,"CCCAAT",3,1
"2382",2381,"CCCAAC",8,1
"2392",2391,"CCCAGA",1,1
"2426",2425,"CCCGAT",6,2
"2442",2441,"CCGAAT",4,1
"2444",2443,"CCGAAG",1,1
"2452",2451,"CCGACG",6,1
"2455",2454,"CCGAGC",4,1
"2469",2468,"CCGTGG",2,1
"2477",2476,"CCGCTG",9,1
"2480",2479,"CCGCCC",10,1
"2481",2480,"CCGCCG",13,1
"2488",2487,"CCGGAC",3,1
"2489",2488,"CCGGAG",19,2
"2491",2490,"CCGGTT",2,1
"2492",2491,"CCGGTC",2,1
"2627",2626,"CGCAAG",11,3
"2631",2630,"CGCATG",3,2
"2651",2650,"CGCTGC",4,1
"2652",2651,"CGCTGG",2,1
"2675",2674,"CGCGTC",4,2
"2679",2678,"CGCGCC",4,1
"2753",2752,"GAAATG",1,1
"2759",2758,"GAAAGT",2,1
"2805",2804,"GAAGGC",3,1
"2807",2806,"GATAAA",2,1
"2813",2812,"GATATC",5,1
"2816",2815,"GATACT",1,1
"2817",2816,"GATACC",4,1
"2837",2836,"GATCAT",7,1
"2842",2841,"GATCTC",8,2
"2843",2842,"GATCTG",15,1
"2847",2846,"GATCCG",5,1
"2853",2852,"GATGAT",7,1
"2855",2854,"GATGAG",10,2
"2859",2858,"GATGTG",20,3
"2860",2859,"GATGCA",7,1
"2861",2860,"GATGCT",2,1
"2863",2862,"GATGCG",7,1
"2869",2868,"GACAAT",8,1
"2871",2870,"GACAAG",12,3
"2874",2873,"GACATC",10,2
"2875",2874,"GACATG",8,2
"2876",2875,"GACACA",2,1
"2882",2881,"GACAGC",3,2
"2884",2883,"GACTAT",4,1
"2887",2886,"GACTTT",7,1
"2888",2887,"GACTTC",9,1
"2890",2889,"GACTCA",3,1
"2916",2915,"GACGAG",20,1
"2932",2931,"GAGAAG",15,1
"2935",2934,"GAGATC",15,2
"2936",2935,"GAGATG",4,1
"2937",2936,"GAGACA",5,1
"2939",2938,"GAGACC",7,2
"2940",2939,"GAGACG",5,2
"2943",2942,"GAGAGC",7,1
"2949",2948,"GAGTTC",16,1
"2955",2954,"GAGTGT",5,1
"2956",2955,"GAGTGC",16,3
"2957",2956,"GAGTGG",3,1
"2959",2958,"GAGCAT",3,1
"2960",2959,"GAGCAC",8,1
"2961",2960,"GAGCAG",12,1
"2969",2968,"GAGCCG",7,1
"2972",2971,"GAGCGC",5,1
"2975",2974,"GAGGAT",21,2
"2977",2976,"GAGGAG",25,4
"2981",2980,"GAGGTG",14,1
"2984",2983,"GAGGCC",9,1
"2988",2987,"GAGGGC",13,3
"3055",3054,"GTTATA",2,1
"3056",3055,"GTTATT",1,1
"3118",3117,"GTCATC",8,1
"3120",3119,"GTCACA",3,1
"3122",3121,"GTCACC",6,1
"3139",3138,"GTCTGC",5,2
"3176",3175,"GTGAAG",10,2
"3177",3176,"GTGATA",3,1
"3180",3179,"GTGATG",10,1
"3183",3182,"GTGACC",12,2
"3209",3208,"GTGCTG",18,1
"3210",3209,"GTGCCA",4,1
"3220",3219,"GTGGAC",11,1
"3228",3227,"GTGGCC",11,1
"3238",3237,"GCAATA",2,1
"3243",3242,"GCAACT",1,1
"3280",3279,"GCAGAT",4,1
"3285",3284,"GCAGTC",1,1
"3323",3322,"GCTTGG",1,1
"3349",3348,"GCTGCT",5,1
"3357",3356,"GCCAAT",14,2
"3359",3358,"GCCAAG",19,2
"3362",3361,"GCCATC",11,3
"3363",3362,"GCCATG",8,1
"3370",3369,"GCCAGC",13,1
"3373",3372,"GCCTAC",11,1
"3376",3375,"GCCTTC",9,1
"3381",3380,"GCCTCG",4,1
"3384",3383,"GCCTGG",1,1
"3402",3401,"GCCGAT",6,1
"3404",3403,"GCCGAG",10,1
"3457",3456,"GCGCCG",3,1
"3476",3475,"GCGGGC",10,1
"3497",3496,"GGATTT",3,1
"3501",3500,"GGATCT",5,1
"3507",3506,"GGACAA",3,1
"3537",3536,"GGAGGC",6,1
"3561",3560,"GGTTCA",1,1
"3568",3567,"GGTCAA",4,1
"3591",3590,"GGTGTG",5,1
"3601",3600,"GGCAAT",9,1
"3603",3602,"GGCAAG",20,5
"3606",3605,"GGCATC",19,5
"3607",3606,"GGCATG",9,3
"3609",3608,"GGCACT",3,1
"3610",3609,"GGCACC",12,3
"3616",3615,"GGCTAT",10,1
"3617",3616,"GGCTAC",16,2
"3619",3618,"GGCTTT",7,1
"3620",3619,"GGCTTC",7,1
"3625",3624,"GGCTCG",4,1
"3628",3627,"GGCTGG",6,1
"3646",3645,"GGCGAT",14,1
"3647",3646,"GGCGAC",6,2
"3648",3647,"GGCGAG",14,2
"3659",3658,"GGCGGC",8,2
