0,1,2
AAA,13,2
AAT,11,2
AAC,24,7
AAG,58,31
ATA,5,0
ATT,12,0
ATC,25,5
ATG,23,14
ACA,6,0
ACT,5,1
ACC,20,4
ACG,10,0
AGA,1,0
AGT,3,1
AGC,6,1
AGG,2,0
TAT,3,0
TAC,8,1
TTA,1,0
TTT,8,1
TTC,18,7
TTG,8,1
TCA,2,0
TCT,2,0
TCC,7,0
TCG,9,1
TGT,3,1
TGC,8,3
TGG,0,0
CAA,5,1
CAT,4,0
CAC,9,4
CAG,27,9
CTA,4,0
CTT,4,0
CTC,11,1
CTG,18,2
CCA,5,0
CCT,2,0
CCC,13,6
CCG,7,0
CGA,3,0
CGT,3,0
CGC,15,6
CGG,6,0
GAA,13,0
GAT,24,6
GAC,20,4
GAG,38,13
GTA,4,0
GTT,7,0
GTC,12,1
GTG,22,5
GCA,6,0
GCT,8,0
GCC,20,7
GCG,14,3
GGA,15,0
GGT,14,0
GGC,30,13
GGG,2,0
AAA,29,2
AAT,130,26
AAC,73,19
AAG,69,39
ATA,20,2
ATT,28,0
ATC,54,25
ATG,50,33
ACA,25,0
ACT,9,0
ACC,45,12
ACG,60,12
AGA,8,0
AGT,40,3
AGC,48,18
AGG,10,0
TAT,34,2
TAC,45,15
TTA,3,0
TTT,27,3
TTC,34,14
TTG,42,1
TCA,17,3
TCT,6,1
TCC,30,1
TCG,69,20
TGT,72,6
TGC,171,112
TGG,17,15
CAA,44,2
CAT,36,5
CAC,39,11
CAG,124,53
CTA,16,1
CTT,6,0
CTC,16,0
CTG,66,15
CCA,20,0
CCT,6,0
CCC,37,2
CCG,82,16
CGA,20,0
CGT,18,0
CGC,23,4
CGG,17,0
GAA,31,1
GAT,110,13
GAC,63,18
GAG,86,44
GTA,6,0
GTT,18,0
GTC,26,3
GTG,49,14
GCA,33,1
GCT,22,0
GCC,91,30
GCG,44,4
GGA,74,3
GGT,69,2
GGC,139,54
GGG,7,0
AAA,22,1
AAT,21,4
AAC,25,3
AAG,48,6
ATA,7,0
ATT,7,0
ATC,15,1
ATG,24,11
ACA,9,0
ACT,6,0
ACC,17,0
ACG,18,0
AGA,4,0
AGT,16,1
AGC,24,0
AGG,10,0
TAT,8,1
TAC,17,2
TTA,4,0
TTT,7,1
TTC,20,4
TTG,13,0
TCA,4,0
TCT,4,0
TCC,9,1
TCG,11,0
TGT,3,0
TGC,7,1
TGG,2,2
CAA,9,1
CAT,6,0
CAC,7,0
CAG,28,6
CTA,10,0
CTT,10,0
CTC,12,0
CTG,37,1
CCA,3,0
CCT,4,0
CCC,6,0
CCG,11,1
CGA,13,0
CGT,5,0
CGC,18,1
CGG,6,0
GAA,17,1
GAT,23,1
GAC,20,1
GAG,44,5
GTA,9,0
GTT,4,0
GTC,14,1
GTG,21,1
GCA,6,0
GCT,12,0
GCC,30,0
GCG,17,1
GGA,9,1
GGT,6,0
GGC,14,1
GGG,1,0
AAA,3,1
AAT,6,3
AAC,14,2
AAG,27,13
ATA,0,0
ATT,10,0
ATC,21,6
ATG,20,18
ACA,5,2
ACT,4,1
ACC,14,4
ACG,7,1
AGA,2,1
AGT,0,0
AGC,2,2
AGG,1,1
TAT,6,2
TAC,8,2
TTA,0,0
TTT,4,0
TTC,19,11
TTG,8,2
TCA,1,0
TCT,0,0
TCC,9,3
TCG,13,5
TGT,2,0
TGC,10,4
TGG,8,8
CAA,1,0
CAT,8,5
CAC,10,3
CAG,18,7
CTA,0,0
CTT,1,0
CTC,10,2
CTG,34,2
CCA,5,0
CCT,0,0
CCC,13,3
CCG,3,0
CGA,1,0
CGT,5,0
CGC,11,2
CGG,6,0
GAA,1,0
GAT,18,11
GAC,19,2
GAG,27,11
GTA,1,0
GTT,5,0
GTC,5,0
GTG,18,3
GCA,4,1
GCT,5,2
GCC,14,6
GCG,7,0
GGA,10,1
GGT,8,0
GGC,17,2
GGG,1,1
AAA,4,0
AAT,6,0
AAC,15,1
AAG,16,2
ATA,5,1
ATT,12,2
ATC,15,1
ATG,7,1
ACA,0,0
ACT,6,0
ACC,12,0
ACG,6,0
AGA,1,0
AGT,8,1
AGC,12,0
AGG,10,0
TAT,1,0
TAC,6,0
TTA,2,0
TTT,8,3
TTC,13,0
TTG,11,0
TCA,6,0
TCT,0,0
TCC,15,0
TCG,5,0
TGT,1,0
TGC,12,2
TGG,2,2
CAA,6,0
CAT,6,0
CAC,17,1
CAG,17,1
CTA,6,0
CTT,5,0
CTC,11,0
CTG,43,0
CCA,4,0
CCT,1,0
CCC,7,0
CCG,2,0
CGA,4,0
CGT,1,0
CGC,6,0
CGG,7,0
GAA,14,1
GAT,17,1
GAC,16,0
GAG,27,3
GTA,3,0
GTT,6,0
GTC,10,0
GTG,17,0
GCA,7,0
GCT,10,0
GCC,19,0
GCG,6,0
GGA,5,0
GGT,1,0
GGC,10,0
GGG,2,0
AAA,3,0
AAT,3,1
AAC,19,3
AAG,24,15
ATA,5,0
ATT,7,0
ATC,30,8
ATG,7,5
ACA,4,1
ACT,5,0
ACC,20,2
ACG,15,2
AGA,0,0
AGT,6,0
AGC,13,5
AGG,3,0
TAT,1,0
TAC,11,3
TTA,1,0
TTT,2,0
TTC,18,5
TTG,3,0
TCA,1,0
TCT,2,0
TCC,19,2
TCG,18,6
TGT,1,0
TGC,16,10
TGG,10,10
CAA,4,0
CAT,2,0
CAC,6,0
CAG,22,7
CTA,5,0
CTT,7,0
CTC,12,0
CTG,37,7
CCA,1,1
CCT,1,0
CCC,13,2
CCG,12,2
CGA,4,0
CGT,3,0
CGC,9,1
CGG,7,0
GAA,3,0
GAT,10,1
GAC,13,1
GAG,22,14
GTA,1,0
GTT,6,0
GTC,15,5
GTG,20,5
GCA,4,1
GCT,10,0
GCC,27,5
GCG,13,0
GGA,8,0
GGT,5,0
GGC,26,10
GGG,6,0
AAA,17,4
AAT,50,15
AAC,35,6
AAG,78,34
ATA,20,5
ATT,37,2
ATC,68,14
ATG,47,40
ACA,34,4
ACT,21,2
ACC,68,13
ACG,36,2
AGA,0,0
AGT,12,4
AGC,25,9
AGG,10,0
TAT,35,13
TAC,54,10
TTA,5,1
TTT,23,5
TTC,45,14
TTG,26,0
TCA,10,0
TCT,9,0
TCC,39,4
TCG,36,3
TGT,12,2
TGC,11,4
TGG,32,32
CAA,26,5
CAT,20,5
CAC,29,7
CAG,68,22
CTA,10,0
CTT,9,0
CTC,21,2
CTG,58,3
CCA,26,4
CCT,13,0
CCC,49,11
CCG,58,8
CGA,23,0
CGT,26,2
CGC,44,9
CGG,20,1
GAA,39,4
GAT,62,24
GAC,32,5
GAG,96,34
GTA,12,0
GTT,29,2
GTC,36,3
GTG,85,22
GCA,27,5
GCT,20,2
GCC,51,15
GCG,23,2
GGA,39,1
GGT,23,4
GGC,54,12
GGG,9,0
AAA,8,0
AAT,13,3
AAC,17,1
AAG,24,7
ATA,5,0
ATT,8,2
ATC,9,1
ATG,15,12
ACA,6,0
ACT,7,0
ACC,12,1
ACG,8,0
AGA,3,0
AGT,10,0
AGC,20,3
AGG,1,0
TAT,3,2
TAC,5,2
TTA,2,0
TTT,4,1
TTC,10,3
TTG,9,0
TCA,2,0
TCT,5,0
TCC,12,0
TCG,11,0
TGT,9,2
TGC,11,3
TGG,3,3
CAA,7,0
CAT,5,1
CAC,10,1
CAG,27,8
CTA,5,0
CTT,6,0
CTC,12,1
CTG,26,2
CCA,9,0
CCT,6,0
CCC,9,0
CCG,10,0
CGA,5,0
CGT,6,0
CGC,10,1
CGG,6,0
GAA,9,0
GAT,18,7
GAC,17,1
GAG,23,8
GTA,2,0
GTT,12,1
GTC,2,1
GTG,30,6
GCA,14,0
GCT,14,0
GCC,32,4
GCG,10,0
GGA,17,0
GGT,12,0
GGC,24,4
GGG,5,0
AAA,2,0
AAT,18,0
AAC,46,6
AAG,15,10
ATA,2,0
ATT,6,0
ATC,13,1
ATG,20,2
ACA,9,0
ACT,6,1
ACC,25,3
ACG,32,6
AGA,1,0
AGT,5,2
AGC,41,6
AGG,3,0
TAT,1,0
TAC,11,0
TTA,2,1
TTT,6,0
TTC,11,1
TTG,8,0
TCA,4,0
TCT,4,0
TCC,19,1
TCG,14,0
TGT,0,0
TGC,9,1
TGG,1,0
CAA,17,0
CAT,11,0
CAC,15,0
CAG,57,6
CTA,3,0
CTT,3,0
CTC,13,2
CTG,29,6
CCA,5,0
CCT,4,0
CCC,22,4
CCG,15,2
CGA,0,0
CGT,6,0
CGC,10,1
CGG,8,0
GAA,1,0
GAT,8,2
GAC,18,2
GAG,27,7
GTA,1,0
GTT,5,0
GTC,7,0
GTG,14,2
GCA,8,0
GCT,14,0
GCC,30,1
GCG,16,1
GGA,7,0
GGT,9,0
GGC,32,4
GGG,6,0
