,0,1,2
0,AAA,2,0
1,AAT,5,0
2,AAC,17,0
3,AAG,19,9
4,ATA,4,0
5,ATT,5,0
6,ATC,7,0
7,ATG,11,6
8,ACA,1,0
9,ACT,3,1
10,ACC,8,0
11,ACG,3,0
12,AGA,2,0
13,AGT,5,0
14,AGC,5,0
15,AGG,2,0
16,TAT,6,2
17,TAC,16,1
18,TTA,1,0
19,TTT,7,2
20,TTC,15,3
21,TTG,2,0
22,TCA,3,0
23,TCT,1,0
24,TCC,6,0
25,TCG,6,0
26,TGT,1,0
27,TGC,3,0
28,TGG,5,5
29,CAA,1,0
30,CAT,3,0
31,CAC,9,0
32,CAG,12,2
33,CTA,3,0
34,CTT,3,0
35,CTC,9,0
36,CTG,14,0
37,CCA,0,0
38,CCT,0,0
39,CCC,7,0
40,CCG,6,0
41,CGA,3,1
42,CGT,3,0
43,CGC,6,0
44,CGG,6,0
45,GAA,7,0
46,GAT,8,1
47,GAC,10,1
48,GAG,14,4
49,GTA,4,0
50,GTT,3,0
51,GTC,6,0
52,GTG,11,2
53,GCA,2,0
54,GCT,1,0
55,GCC,14,0
56,GCG,1,0
57,GGA,5,0
58,GGT,2,0
59,GGC,9,1
60,GGG,1,0
