codon,referencia,conservacion
AAA,2,0
AAT,5,0
AAC,17,0
AAG,19,9
ATA,4,0
ATT,5,0
ATC,7,0
ATG,11,6
ACA,1,0
ACT,3,1
ACC,8,0
ACG,3,0
AGA,2,0
AGT,5,0
AGC,5,0
AGG,2,0
TAT,6,2
TAC,16,1
TTA,1,0
TTT,7,2
TTC,15,3
TTG,2,0
TCA,3,0
TCT,1,0
TCC,6,0
TCG,6,0
TGT,1,0
TGC,3,0
TGG,5,5
CAA,1,0
CAT,3,0
CAC,9,0
CAG,12,2
CTA,3,0
CTT,3,0
CTC,9,0
CTG,14,0
CCA,0,0
CCT,0,0
CCC,7,0
CCG,6,0
CGA,3,1
CGT,3,0
CGC,6,0
CGG,6,0
GAA,7,0
GAT,8,1
GAC,10,1
GAG,14,4
GTA,4,0
GTT,3,0
GTC,6,0
GTG,11,2
GCA,2,0
GCT,1,0
GCC,14,0
GCG,1,0
GGA,5,0
GGT,2,0
GGC,9,1
GGG,1,0
